use LawFirmDb
go

insert into City (Name)
values ('New York')
     , ('Los Angeles')
     , ('Chicago')
     , ('Houston')
go

insert into Department (Name, CityId)
values ('East Coast Lawyers', 1)
     , ('LA Law', 2)
     , ('North State Group', 3)
     , ('Washington Law', 4)
go

insert into Employee (FirstName, LastName, HireDate, Salary, DepartmentId)
values
--     Department 1
       ('John', 'Smith', DATEADD(day, -(RAND() * 5000), GETDATE()), RAND() * 100000, 1)
     , ('Jane', 'Doe', DATEADD(day, -(RAND() * 5000), GETDATE()), RAND() * 100000, 1)
     , ('Joey ', 'Tribbiani', DATEADD(day, -(RAND() * 5000), GETDATE()), RAND() * 100000, 1)
	 , ('Jase ', 'Harper', DATEADD(day, -(RAND() * 5000), GETDATE()), RAND() * 100000, 1)
	 , ('Harper ', 'Odom', DATEADD(day, -(RAND() * 5000), GETDATE()), RAND() * 100000, 1)
	 , ('Aleah ', 'Morales', DATEADD(day, -(RAND() * 5000), GETDATE()), RAND() * 100000, 1)
--     Department 2
     , ('Ellen', 'Hale', DATEADD(day, -(RAND() * 5000), GETDATE()), RAND() * 100000, 2)
     , ('Dania ', 'Richard', DATEADD(day, -(RAND() * 5000), GETDATE()), RAND() * 100000, 2)
     , ('Camron ', 'Guerrero', DATEADD(day, -(RAND() * 5000), GETDATE()), RAND() * 100000, 2)
	 , ('Fiona ', 'Wright', DATEADD(day, -(RAND() * 5000), GETDATE()), RAND() * 100000, 1)
	 , ('Elliott ', 'Davenport', DATEADD(day, -(RAND() * 5000), GETDATE()), RAND() * 100000, 1)
	 , ('Abdiel ', 'Hurst', DATEADD(day, -(RAND() * 5000), GETDATE()), RAND() * 100000, 1)
	 , ('Jordon ', 'Hardy', DATEADD(day, -(RAND() * 5000), GETDATE()), RAND() * 100000, 1)
	 , ('Leandro ', 'Hughes', DATEADD(day, -(RAND() * 5000), GETDATE()), RAND() * 100000, 1)
	 , ('Peter ', 'Ewing', DATEADD(day, -(RAND() * 5000), GETDATE()), RAND() * 100000, 1)
--     Department 3
     , ('Michael', 'Scott', DATEADD(day, -(RAND() * 5000), GETDATE()), RAND() * 100000, 3)
     , ('Dwight', 'Schrute', DATEADD(day, -(RAND() * 5000), GETDATE()), RAND() * 100000, 3)
     , ('Jim', 'Halpert', DATEADD(day, -(RAND() * 5000), GETDATE()), RAND() * 100000, 3)
	 , ('Hudson ', 'Hendrix', DATEADD(day, -(RAND() * 5000), GETDATE()), RAND() * 100000, 1)
	 , ('Chace ', 'Cain', DATEADD(day, -(RAND() * 5000), GETDATE()), RAND() * 100000, 1)
	 , ('Toby ', 'Lester', DATEADD(day, -(RAND() * 5000), GETDATE()), RAND() * 100000, 1)
	 , ('Marco ', 'Mayo', DATEADD(day, -(RAND() * 5000), GETDATE()), RAND() * 100000, 1)
	 , ('Jude ', 'Williams', DATEADD(day, -(RAND() * 5000), GETDATE()), RAND() * 100000, 1)
--     Department 4
     , ('Pamela', 'Beesly', DATEADD(day, -(RAND() * 5000), GETDATE()), RAND() * 100000, 4)
     , ('Angela', 'Martin', DATEADD(day, -(RAND() * 5000), GETDATE()), RAND() * 100000, 4)
     , ('Kevin', 'Malone', DATEADD(day, -(RAND() * 5000), GETDATE()), RAND() * 100000, 4)
	 , ('Matias ', 'Brandt', DATEADD(day, -(RAND() * 5000), GETDATE()), RAND() * 100000, 1)
	 , ('Enzo ', 'Cook', DATEADD(day, -(RAND() * 5000), GETDATE()), RAND() * 100000, 1)
	 , ('Eduardo ', 'Black', DATEADD(day, -(RAND() * 5000), GETDATE()), RAND() * 100000, 1)
	 , ('Jordin ', 'Sullivan', DATEADD(day, -(RAND() * 5000), GETDATE()), RAND() * 100000, 1)
	 , ('Larry ', 'Castro', DATEADD(day, -(RAND() * 5000), GETDATE()), RAND() * 100000, 1)
	 , ('Juan ', 'Coleman', DATEADD(day, -(RAND() * 5000), GETDATE()), RAND() * 100000, 1)
go

insert into HeadOfDepartment (EmployeeId)
values (1), (4), (7), (10)
go

insert into Lawyer (EmployeeId, LicenseNo)
values (2, 'LAWYER-0001')
     , (3, 'LAWYER-0002')
     , (5, 'LAWYER-0003')
     , (6, 'LAWYER-0004')
     , (8, 'LAWYER-0005')
     , (9, 'LAWYER-0006')
     , (11, 'LAWYER-0007')
     , (12, 'LAWYER-0008')
	 , (13, 'LAWYER-0009')
	 , (14, 'LAWYER-0010')
	 , (15, 'LAWYER-0011')
	 , (16, 'LAWYER-0012')
	 , (17, 'LAWYER-0013')
	 , (18, 'LAWYER-0014')
	 , (19, 'LAWYER-0015')
	 , (20, 'LAWYER-0016')
	 , (21, 'LAWYER-0017')
	 , (22, 'LAWYER-0018')
	 , (23, 'LAWYER-0019')
	 , (24, 'LAWYER-0020')
	 , (25, 'LAWYER-0021')
	 , (26, 'LAWYER-0022')
	 , (27, 'LAWYER-0023')
	 , (28, 'LAWYER-0024')
	 , (29, 'LAWYER-0025')
	 , (30, 'LAWYER-0026')
	 , (31, 'LAWYER-0027')
	 , (32, 'LAWYER-0028')
go


insert into Customer (Name)
values ('Customer 1')
     , ('Customer 2')
     , ('Customer 3')
     , ('Customer 4')
	 , ('Customer 5')
	 , ('Customer 6')
	 , ('Customer 7')
	 , ('Customer 8')
	 , ('Customer 9')
	 , ('Customer 10')
	 , ('Customer 11')
	 , ('Customer 12')
	 , ('Customer 13')
	 , ('Customer 14')
	 , ('Customer 15')
	 , ('Customer 16')
	 , ('Customer 17')
	 , ('Customer 18')
	 , ('Customer 19')
go

insert into "Case" (CustomerId, Description, FilingDate, Status)
values (1, 'Case 1', DATEADD(day, -(RAND() * 5000), GETDATE()), 'Open')
     , (2, 'Case 2', DATEADD(day, -(RAND() * 5000), GETDATE()), 'Closed')
     , (3, 'Case 3', DATEADD(day, -(RAND() * 5000), GETDATE()), 'In Progress')
     , (4, 'Case 4', DATEADD(day, -(RAND() * 5000), GETDATE()), 'Open')
	 , (5, 'Case 5', DATEADD(day, -(RAND() * 5000), GETDATE()), 'Open')
	 , (4, 'Case 6', DATEADD(day, -(RAND() * 5000), GETDATE()), 'Open')
	 , (4, 'Case 7', DATEADD(day, -(RAND() * 5000), GETDATE()), 'Open')
	 , (4, 'Case 8', DATEADD(day, -(RAND() * 5000), GETDATE()), 'Open')
	 , (4, 'Case 9', DATEADD(day, -(RAND() * 5000), GETDATE()), 'Open')
	 , (4, 'Case 10', DATEADD(day, -(RAND() * 5000), GETDATE()), 'Open')
	 , (4, 'Case 11', DATEADD(day, -(RAND() * 5000), GETDATE()), 'Open')
	 , (4, 'Case 12', DATEADD(day, -(RAND() * 5000), GETDATE()), 'Open')
	 , (4, 'Case 13', DATEADD(day, -(RAND() * 5000), GETDATE()), 'Open')
	 , (4, 'Case 14', DATEADD(day, -(RAND() * 5000), GETDATE()), 'Open')
	 , (4, 'Case 15', DATEADD(day, -(RAND() * 5000), GETDATE()), 'Open')
	 , (4, 'Case 16', DATEADD(day, -(RAND() * 5000), GETDATE()), 'Open')
	 , (4, 'Case 17', DATEADD(day, -(RAND() * 5000), GETDATE()), 'Open')
	 , (4, 'Case 18', DATEADD(day, -(RAND() * 5000), GETDATE()), 'Open')
	 , (4, 'Case 19', DATEADD(day, -(RAND() * 5000), GETDATE()), 'Open')
	 , (4, 'Case 20', DATEADD(day, -(RAND() * 5000), GETDATE()), 'Open')
	 , (4, 'Case 21', DATEADD(day, -(RAND() * 5000), GETDATE()), 'Open')
	 , (4, 'Case 22', DATEADD(day, -(RAND() * 5000), GETDATE()), 'Open')
	 , (4, 'Case 23', DATEADD(day, -(RAND() * 5000), GETDATE()), 'Open')
	 , (4, 'Case 24', DATEADD(day, -(RAND() * 5000), GETDATE()), 'Open')
	 , (4, 'Case 25', DATEADD(day, -(RAND() * 5000), GETDATE()), 'Open')
	 , (4, 'Case 26', DATEADD(day, -(RAND() * 5000), GETDATE()), 'Open')
go
insert into LawyerAssigment (LawyerID, CaseID, AssigmentDate, EndDate)
values (5, 4, 12/04/2019, null)
	 , (8, 2, 19/10/2020, null)
	 , (12, 1,27/11/2022, null)
	 , (6, 3, 06/07/2019, 07/08/2021)
	 , (2, 5, 02/05/2019, null)
	 , (3, 6, 18/09/2019, null)
	 , (6, 8 ,18/02/2020, null)
	 , (9, 10,13/08/2020, null)
	 , (13, 12, 14/03/2021, null)
	 , (14, 7, 26/08/2021, null)
	 , (16, 9, 09/12/2021, null)
	 , (18, 11, 11/05/2022, null)
	 , (11, 13, 12/06/2019, null)










